crop,track_id,event_id,label,source,labeled_at
data/raw/scan-0001-front/340ac608-8163-410a-93da-787e968f05c9_0.jpg,scan-0001-front-parked-0-8,scan-0001-front,skip,auto,2026-10-01T12:51:06
data/raw/scan-0001-front/340ac608-8163-410a-93da-787e968f05c9_1.jpg,scan-0001-front-scancar,scan-0001-front,scancar,auto,2026-10-01T12:51:06
data/raw/scan-0001-front/340ac608-8163-410a-93da-787e968f05c9_2.jpg,scan-0001-front-340ac608-8163-410a-93da-787e968f05c9-2,scan-0001-front,skip,auto,2026-10-01T12:51:06
data/raw/scan-0001-rear/95f0ac80-a900-4e06-80bc-87bd785cf84c-1_0.jpg,scan-0001-rear-parked-0-8,scan-0001-rear,other,auto,2026-10-01T12:51:06
data/raw/scan-0001-rear/95f0ac80-a900-4e06-80bc-87bd785cf84c-1_1.jpg,scan-0001-rear-scancar,scan-0001-rear,scancar,auto,2026-10-01T12:51:06
data/raw/scan-0001-rear/95f0ac80-a900-4e06-80bc-87bd785cf84c-1_2.jpg,scan-0001-rear-95f0ac80-a900-4e06-80bc-87bd785cf84c-1-2,scan-0001-rear,skip,auto,2026-10-01T12:51:06
data/raw/scan-0001-front/ad2eb96a-6542-4901-835d-9b2a05b865f0_1.jpg,scan-0001-front-scancar,scan-0001-front,scancar,auto,2026-10-01T12:51:06
data/raw/scan-0001-rear/b1307830-e51f-4a03-ab60-5e0a1c43de20_0.jpg,scan-0001-rear-parked-0-8,scan-0001-rear,other,auto,2026-10-01T12:51:06
data/raw/scan-0001-rear/b1307830-e51f-4a03-ab60-5e0a1c43de20_1.jpg,scan-0001-rear-scancar,scan-0001-rear,scancar,auto,2026-10-01T12:51:06
data/raw/scan-0001-rear/c23daf5b-1a29-453d-bbd4-05a9c8b48587-1_1.jpg,scan-0001-rear-scancar,scan-0001-rear,scancar,auto,2026-10-01T12:51:06
data/raw/scan-0001-rear/c23daf5b-1a29-453d-bbd4-05a9c8b48587-1_2.jpg,scan-0001-rear-c23daf5b-1a29-453d-bbd4-05a9c8b48587-1-2,scan-0001-rear,skip,auto,2026-10-01T12:51:06
data/raw/other-20261001-0001/123701-458_0.jpg,other-20261001-0001-parked-0-8,other-20261001-0001,other,auto,2026-10-01T12:51:06
data/raw/other-20261001-0001/123701-458_1.jpg,other-20261001-0001-123701-458-1,other-20261001-0001,other,auto,2026-10-01T12:51:06
data/raw/other-20261001-0001/123701-458_2.jpg,other-20261001-0001-123701-458-2,other-20261001-0001,other,auto,2026-10-01T12:51:06
data/raw/other-20261001-0001/123703-531_1.jpg,other-20261001-0001-123703-531-1,other-20261001-0001,other,auto,2026-10-01T12:51:06
data/raw/other-20261001-0001/123705-533_1.jpg,other-20261001-0001-123705-533-1,other-20261001-0001,other,auto,2026-10-01T12:51:06
data/raw/other-20261001-0001/123708-537_1.jpg,other-20261001-0001-123708-537-1,other-20261001-0001,other,auto,2026-10-01T12:51:06
data/raw/other-20261001-0001/123710-660_0.jpg,other-20261001-0001-parked-0-8,other-20261001-0001,other,auto,2026-10-01T12:51:06
data/raw/other-20261001-0001/123710-660_1.jpg,other-20261001-0001-123710-660-1,other-20261001-0001,other,auto,2026-10-01T12:51:06
data/raw/other-20261001-0002/123732-162_1.jpg,other-20261001-0002-123732-162-1,other-20261001-0002,other,auto,2026-10-01T12:51:06
data/raw/other-20261001-0002/123734-162_0.jpg,other-20261001-0002-parked-0-8,other-20261001-0002,other,auto,2026-10-01T12:51:06
data/raw/other-20261001-0002/123734-162_1.jpg,other-20261001-0002-123734-162-1,other-20261001-0002,other,auto,2026-10-01T12:51:06
data/raw/other-20261001-0003/123742-660_0.jpg,other-20261001-0003-parked-0-8,other-20261001-0003,other,auto,2026-10-01T12:51:06
data/raw/other-20261001-0003/123742-660_1.jpg,other-20261001-0003-123742-660-1,other-20261001-0003,other,auto,2026-10-01T12:51:06
data/raw/other-20261001-0003/123744-820_0.jpg,other-20261001-0003-parked-0-8,other-20261001-0003,other,auto,2026-10-01T12:51:06
