crop,track_id,event_id,ts,source,synthetic,frame,x1,y1,x2,y2,conf,phash,dup_of
data/raw/scan-0001-front/340ac608-8163-410a-93da-787e968f05c9_0.jpg,scan-0001-front-parked-0-8,scan-0001-front,,bootstrap,0,../datasets/scancar/340ac608-8163-410a-93da-787e968f05c9.jpg,1,404,369,533,0.651,a9d4d2d260463ff8,
data/raw/scan-0001-front/340ac608-8163-410a-93da-787e968f05c9_1.jpg,scan-0001-front-scancar,scan-0001-front,,bootstrap,0,../datasets/scancar/340ac608-8163-410a-93da-787e968f05c9.jpg,396,245,687,393,0.857,91597b428725aeb6,
data/raw/scan-0001-front/340ac608-8163-410a-93da-787e968f05c9_2.jpg,scan-0001-front-340ac608-8163-410a-93da-787e968f05c9-2,scan-0001-front,,bootstrap,0,../datasets/scancar/340ac608-8163-410a-93da-787e968f05c9.jpg,535,225,617,266,0.34,841e6a3cc3b944bf,
data/raw/scan-0001-rear/95f0ac80-a900-4e06-80bc-87bd785cf84c-1_0.jpg,scan-0001-rear-parked-0-8,scan-0001-rear,,bootstrap,0,../datasets/scancar/95f0ac80-a900-4e06-80bc-87bd785cf84c-1.jpg,0,403,367,535,0.789,a9d6d292240e3ff8,
data/raw/scan-0001-rear/95f0ac80-a900-4e06-80bc-87bd785cf84c-1_1.jpg,scan-0001-rear-scancar,scan-0001-rear,,bootstrap,0,../datasets/scancar/95f0ac80-a900-4e06-80bc-87bd785cf84c-1.jpg,532,280,784,404,0.871,ce466b4b943546d6,
data/raw/scan-0001-rear/95f0ac80-a900-4e06-80bc-87bd785cf84c-1_2.jpg,scan-0001-rear-95f0ac80-a900-4e06-80bc-87bd785cf84c-1-2,scan-0001-rear,,bootstrap,0,../datasets/scancar/95f0ac80-a900-4e06-80bc-87bd785cf84c-1.jpg,628,192,790,274,0.403,fa16c05a1de11ce7,
,scan-0001-rear-parked-0-8,scan-0001-rear,,bootstrap,0,../datasets/scancar/95f0ac80-a900-4e06-80bc-87bd785cf84c.jpg,0,403,367,535,0.789,a9d6d292240e3ff8,data/raw/scan-0001-rear/95f0ac80-a900-4e06-80bc-87bd785cf84c-1_0.jpg
,scan-0001-rear-scancar,scan-0001-rear,,bootstrap,0,../datasets/scancar/95f0ac80-a900-4e06-80bc-87bd785cf84c.jpg,532,280,784,404,0.871,ce466b4b943546d6,data/raw/scan-0001-rear/95f0ac80-a900-4e06-80bc-87bd785cf84c-1_1.jpg
,scan-0001-rear-95f0ac80-a900-4e06-80bc-87bd785cf84c-2,scan-0001-rear,,bootstrap,0,../datasets/scancar/95f0ac80-a900-4e06-80bc-87bd785cf84c.jpg,628,192,790,274,0.403,fa16c05a1de11ce7,data/raw/scan-0001-rear/95f0ac80-a900-4e06-80bc-87bd785cf84c-1_2.jpg
,scan-0001-front-parked-0-8,scan-0001-front,,bootstrap,0,../datasets/scancar/ad2eb96a-6542-4901-835d-9b2a05b865f0.jpg,1,403,369,532,0.668,a9d4d2d260263ff8,data/raw/scan-0001-front/340ac608-8163-410a-93da-787e968f05c9_0.jpg
data/raw/scan-0001-front/ad2eb96a-6542-4901-835d-9b2a05b865f0_1.jpg,scan-0001-front-scancar,scan-0001-front,,bootstrap,0,../datasets/scancar/ad2eb96a-6542-4901-835d-9b2a05b865f0.jpg,396,240,686,394,0.728,91587bc2a525bcb6,
,scan-0001-front-ad2eb96a-6542-4901-835d-9b2a05b865f0-2,scan-0001-front,,bootstrap,0,../datasets/scancar/ad2eb96a-6542-4901-835d-9b2a05b865f0.jpg,535,224,616,266,0.318,841e7a3cc3b904bf,data/raw/scan-0001-front/340ac608-8163-410a-93da-787e968f05c9_2.jpg
data/raw/scan-0001-rear/b1307830-e51f-4a03-ab60-5e0a1c43de20_0.jpg,scan-0001-rear-parked-0-8,scan-0001-rear,,bootstrap,0,../datasets/scancar/b1307830-e51f-4a03-ab60-5e0a1c43de20.jpg,1,403,369,533,0.713,a992dad260643ff8,
data/raw/scan-0001-rear/b1307830-e51f-4a03-ab60-5e0a1c43de20_1.jpg,scan-0001-rear-scancar,scan-0001-rear,,bootstrap,0,../datasets/scancar/b1307830-e51f-4a03-ab60-5e0a1c43de20.jpg,623,255,841,365,0.792,bb783a0eb46561c6,
,scan-0001-rear-parked-0-8,scan-0001-rear,,bootstrap,0,../datasets/scancar/c23daf5b-1a29-453d-bbd4-05a9c8b48587-1.jpg,1,405,368,533,0.765,a9d4d29260463ffc,data/raw/scan-0001-front/340ac608-8163-410a-93da-787e968f05c9_0.jpg
data/raw/scan-0001-rear/c23daf5b-1a29-453d-bbd4-05a9c8b48587-1_1.jpg,scan-0001-rear-scancar,scan-0001-rear,,bootstrap,0,../datasets/scancar/c23daf5b-1a29-453d-bbd4-05a9c8b48587-1.jpg,555,254,810,376,0.805,ec6c2949b434673e,
data/raw/scan-0001-rear/c23daf5b-1a29-453d-bbd4-05a9c8b48587-1_2.jpg,scan-0001-rear-c23daf5b-1a29-453d-bbd4-05a9c8b48587-1-2,scan-0001-rear,,bootstrap,0,../datasets/scancar/c23daf5b-1a29-453d-bbd4-05a9c8b48587-1.jpg,630,188,791,265,0.277,ea16d046393cc53f,
,scan-0001-rear-parked-0-8,scan-0001-rear,,bootstrap,0,../datasets/scancar/c23daf5b-1a29-453d-bbd4-05a9c8b48587.jpg,1,405,368,533,0.765,a9d4d29260463ffc,data/raw/scan-0001-front/340ac608-8163-410a-93da-787e968f05c9_0.jpg
,scan-0001-rear-scancar,scan-0001-rear,,bootstrap,0,../datasets/scancar/c23daf5b-1a29-453d-bbd4-05a9c8b48587.jpg,555,254,810,376,0.805,ec6c2949b434673e,data/raw/scan-0001-rear/c23daf5b-1a29-453d-bbd4-05a9c8b48587-1_1.jpg
,scan-0001-rear-c23daf5b-1a29-453d-bbd4-05a9c8b48587-2,scan-0001-rear,,bootstrap,0,../datasets/scancar/c23daf5b-1a29-453d-bbd4-05a9c8b48587.jpg,630,188,791,265,0.277,ea16d046393cc53f,data/raw/scan-0001-rear/c23daf5b-1a29-453d-bbd4-05a9c8b48587-1_2.jpg
data/raw/other-20261001-0001/123701-458_0.jpg,other-20261001-0001-parked-0-8,other-20261001-0001,2026-10-01T12:37:01.458,bootstrap,0,../datasets/othercar/123701-458.jpg,2,408,369,534,0.786,a9d2d6d2a04617fc,
data/raw/other-20261001-0001/123701-458_1.jpg,other-20261001-0001-123701-458-1,other-20261001-0001,2026-10-01T12:37:01.458,bootstrap,0,../datasets/othercar/123701-458.jpg,641,203,820,282,0.703,eb13c11f1f6a1847,
data/raw/other-20261001-0001/123701-458_2.jpg,other-20261001-0001-123701-458-2,other-20261001-0001,2026-10-01T12:37:01.458,bootstrap,0,../datasets/othercar/123701-458.jpg,686,203,819,276,0.292,ae9cd50d420acb7b,
,other-20261001-0001-parked-0-8,other-20261001-0001,2026-10-01T12:37:03.531,bootstrap,0,../datasets/othercar/123703-531.jpg,2,408,369,534,0.787,a9d2d6d2a04617fc,data/raw/other-20261001-0001/123701-458_0.jpg
data/raw/other-20261001-0001/123703-531_1.jpg,other-20261001-0001-123703-531-1,other-20261001-0001,2026-10-01T12:37:03.531,bootstrap,0,../datasets/othercar/123703-531.jpg,689,206,889,294,0.643,fb85853fa06cc163,
,other-20261001-0001-parked-0-8,other-20261001-0001,2026-10-01T12:37:05.533,bootstrap,0,../datasets/othercar/123705-533.jpg,2,405,369,534,0.827,add2d692a14617f8,data/raw/other-20261001-0001/123701-458_0.jpg
data/raw/other-20261001-0001/123705-533_1.jpg,other-20261001-0001-123705-533-1,other-20261001-0001,2026-10-01T12:37:05.533,bootstrap,0,../datasets/othercar/123705-533.jpg,774,212,959,301,0.757,fec1811f9b51c664,
,other-20261001-0001-parked-0-8,other-20261001-0001,2026-10-01T12:37:08.537,bootstrap,0,../datasets/othercar/123708-537.jpg,1,403,370,533,0.839,add2d692a14617f8,data/raw/other-20261001-0001/123701-458_0.jpg
data/raw/other-20261001-0001/123708-537_1.jpg,other-20261001-0001-123708-537-1,other-20261001-0001,2026-10-01T12:37:08.537,bootstrap,0,../datasets/othercar/123708-537.jpg,678,219,885,320,0.805,eae3951fd0606366,
data/raw/other-20261001-0001/123710-660_0.jpg,other-20261001-0001-parked-0-8,other-20261001-0001,2026-10-01T12:37:10.660,bootstrap,0,../datasets/othercar/123710-660.jpg,1,402,373,534,0.756,a9da781ae14697e4,
data/raw/other-20261001-0001/123710-660_1.jpg,other-20261001-0001-123710-660-1,other-20261001-0001,2026-10-01T12:37:10.660,bootstrap,0,../datasets/othercar/123710-660.jpg,98,273,398,421,0.654,afc3b59921397161,
,other-20261001-0002-parked-0-8,other-20261001-0002,2026-10-01T12:37:32.162,bootstrap,0,../datasets/othercar/123732-162.jpg,1,403,369,533,0.832,add2d692a0461ff8,data/raw/other-20261001-0001/123701-458_0.jpg
data/raw/other-20261001-0002/123732-162_1.jpg,other-20261001-0002-123732-162-1,other-20261001-0002,2026-10-01T12:37:32.162,bootstrap,0,../datasets/othercar/123732-162.jpg,693,224,893,318,0.837,ebe3951e58316166,
data/raw/other-20261001-0002/123734-162_0.jpg,other-20261001-0002-parked-0-8,other-20261001-0002,2026-10-01T12:37:34.162,bootstrap,0,../datasets/othercar/123734-162.jpg,1,402,368,533,0.836,a9d25352684e1ff8,
data/raw/other-20261001-0002/123734-162_1.jpg,other-20261001-0002-123734-162-1,other-20261001-0002,2026-10-01T12:37:34.162,bootstrap,0,../datasets/othercar/123734-162.jpg,143,278,431,409,0.816,97d195c59c9e3226,
data/raw/other-20261001-0003/123742-660_0.jpg,other-20261001-0003-parked-0-8,other-20261001-0003,2026-10-01T12:37:42.660,bootstrap,0,../datasets/othercar/123742-660.jpg,1,403,369,533,0.82,add2d79220461ff8,
data/raw/other-20261001-0003/123742-660_1.jpg,other-20261001-0003-123742-660-1,other-20261001-0003,2026-10-01T12:37:42.660,bootstrap,0,../datasets/othercar/123742-660.jpg,637,166,931,327,0.876,fb05956f6828599a,
data/raw/other-20261001-0003/123744-820_0.jpg,other-20261001-0003-parked-0-8,other-20261001-0003,2026-10-01T12:37:44.820,bootstrap,0,../datasets/othercar/123744-820.jpg,2,405,369,534,0.743,a990c3d2e84617fe,
