time,file,changed,x0,y0,x1,y1,pan,tilt,zoom
2026-10-01T12:37:01.458,123701-458.jpg,0.0053,0.0,0.367,0.856,0.533,25,-15,100
2026-10-01T12:37:03.531,123703-531.jpg,0.0124,0.681,0.378,0.925,0.544,25,-15,100
2026-10-01T12:37:05.533,123705-533.jpg,0.0125,0.744,0.389,1.0,0.556,25,-15,100
2026-10-01T12:37:08.537,123708-537.jpg,0.0328,0.694,0.4,1.0,0.6,25,-15,100
2026-10-01T12:37:10.660,123710-660.jpg,0.0424,0.1,0.467,0.812,0.8,25,-15,100
2026-10-01T12:37:32.162,123732-162.jpg,0.0295,0.719,0.411,1.0,0.589,25,-15,100
2026-10-01T12:37:34.162,123734-162.jpg,0.0211,0.156,0.489,0.65,0.756,25,-15,100
2026-10-01T12:37:42.660,123742-660.jpg,0.0583,0.669,0.3,1.0,0.622,25,-15,100
2026-10-01T12:37:44.820,123744-820.jpg,0.0512,0.0,0.244,0.469,0.822,25,-15,100
2026-10-01T12:38:44.865,123844-865.jpg,0.0052,0.344,0.311,0.694,0.567,25,-15,100
